{ "_id" : "Female", "value" : { "count" : 4925.0, "height" : 166.3082233502538, "weight" : 69.62395939086295 } }
{ "_id" : "Male", "value" : { "count" : 4953.0, "height" : 166.2463153644256, "weight" : 69.51463759337776 } }
