{ "_id" : "Female", "avgWeight" : 69.62395939086295, "avgHeight" : 166.3082233502538 }
{ "_id" : "Male", "avgWeight" : 69.51463759337776, "avgHeight" : 166.2463153644256 }
