{ "_id" : "MYR", "Srednia" : 4781.12, "Suma" : 4781.12 }
{ "_id" : "ISK", "Srednia" : 4316.41, "Suma" : 4316.41 }
{ "_id" : "NZD", "Srednia" : 5328.46, "Suma" : 5328.46 }
{ "_id" : "ZWL", "Srednia" : 5792.17, "Suma" : 5792.17 }
{ "_id" : "ALL", "Srednia" : 3325.48, "Suma" : 3325.48 }
{ "_id" : "BOB", "Srednia" : 5263.3, "Suma" : 5263.3 }
{ "_id" : "MKD", "Srednia" : 3835.05, "Suma" : 3835.05 }
{ "_id" : "MMK", "Srednia" : 4629.42, "Suma" : 4629.42 }
{ "_id" : "GTQ", "Srednia" : 5806.3, "Suma" : 5806.3 }
{ "_id" : "KRW", "Srednia" : 6689.91, "Suma" : 13379.82 }
{ "_id" : "BWP", "Srednia" : 4076.29, "Suma" : 4076.29 }
{ "_id" : "CLP", "Srednia" : 5252.2375, "Suma" : 21008.95 }
{ "_id" : "ILS", "Srednia" : 5431.83, "Suma" : 16295.49 }
{ "_id" : "TJS", "Srednia" : 4087.71, "Suma" : 4087.71 }
{ "_id" : "UZS", "Srednia" : 3573.03, "Suma" : 3573.03 }
{ "_id" : "ETB", "Srednia" : 5436.11, "Suma" : 5436.11 }
{ "_id" : "RWF", "Srednia" : 4632.88, "Suma" : 4632.88 }
{ "_id" : "VEF", "Srednia" : 4166.64, "Suma" : 8333.28 }
{ "_id" : "LYD", "Srednia" : 4382.495, "Suma" : 8764.99 }
{ "_id" : "NOK", "Srednia" : 4773.66, "Suma" : 4773.66 }
{ "_id" : "TZS", "Srednia" : 3526.1850000000004, "Suma" : 7052.370000000001 }
{ "_id" : "ARS", "Srednia" : 4648.4, "Suma" : 23242.0 }
{ "_id" : "NPR", "Srednia" : 5792.26, "Suma" : 5792.26 }
{ "_id" : "VUV", "Srednia" : 6418.27, "Suma" : 6418.27 }
{ "_id" : "IRR", "Srednia" : 4417.373333333333, "Suma" : 26504.239999999998 }
{ "_id" : "EGP", "Srednia" : 5579.3, "Suma" : 5579.3 }
{ "_id" : "GBP", "Srednia" : 6149.19, "Suma" : 6149.19 }
{ "_id" : "NGN", "Srednia" : 4157.705, "Suma" : 24946.23 }
{ "_id" : "IQD", "Srednia" : 4269.39, "Suma" : 4269.39 }
{ "_id" : "AFN", "Srednia" : 5585.163333333334, "Suma" : 16755.49 }
{ "_id" : "CZK", "Srednia" : 4644.5525, "Suma" : 37156.42 }
{ "_id" : "DOP", "Srednia" : 5168.6849999999995, "Suma" : 20674.739999999998 }
{ "_id" : "ZAR", "Srednia" : 3930.306666666667, "Suma" : 11790.92 }
{ "_id" : "CAD", "Srednia" : 5306.872727272727, "Suma" : 58375.6 }
{ "_id" : "XPF", "Srednia" : 4759.07, "Suma" : 4759.07 }
{ "_id" : "MWK", "Srednia" : 3574.42, "Suma" : 3574.42 }
{ "_id" : "KZT", "Srednia" : 3788.95, "Suma" : 3788.95 }
{ "_id" : "VND", "Srednia" : 4520.0325, "Suma" : 36160.26 }
{ "_id" : "XOF", "Srednia" : 5960.683333333333, "Suma" : 17882.05 }
{ "_id" : "MAD", "Srednia" : 3818.85, "Suma" : 3818.85 }
{ "_id" : "CDF", "Srednia" : 6114.4, "Suma" : 12228.8 }
{ "_id" : "HRK", "Srednia" : 4870.964, "Suma" : 24354.82 }
{ "_id" : "BGN", "Srednia" : 5300.22, "Suma" : 21200.88 }
{ "_id" : "CUP", "Srednia" : 5005.78, "Suma" : 15017.34 }
{ "_id" : "BYR", "Srednia" : 5095.79, "Suma" : 5095.79 }
{ "_id" : "HNL", "Srednia" : 5504.863333333334, "Suma" : 16514.59 }
{ "_id" : "THB", "Srednia" : 4604.392, "Suma" : 23021.96 }
{ "_id" : "MNT", "Srednia" : 5428.9025, "Suma" : 21715.61 }
{ "_id" : "KYD", "Srednia" : 3760.89, "Suma" : 3760.89 }
{ "_id" : "MXN", "Srednia" : 5022.9, "Suma" : 50229.0 }
{ "_id" : "PHP", "Srednia" : 4941.928333333333, "Suma" : 118606.28 }
{ "_id" : "PKR", "Srednia" : 4734.5, "Suma" : 18938.0 }
{ "_id" : "XAF", "Srednia" : 4698.22, "Suma" : 14094.66 }
{ "_id" : "USD", "Srednia" : 4978.732, "Suma" : 74680.98 }
{ "_id" : "COP", "Srednia" : 4936.6825, "Suma" : 19746.73 }
{ "_id" : "PYG", "Srednia" : 4874.69, "Suma" : 4874.69 }
{ "_id" : "MGA", "Srednia" : 4853.663333333333, "Suma" : 14560.99 }
{ "_id" : "UAH", "Srednia" : 5058.9800000000005, "Suma" : 40471.840000000004 }
{ "_id" : "YER", "Srednia" : 4570.833333333333, "Suma" : 13712.5 }
{ "_id" : "JPY", "Srednia" : 5078.7283333333335, "Suma" : 60944.74 }
{ "_id" : "SEK", "Srednia" : 5060.013571428572, "Suma" : 70840.19 }
{ "_id" : "BRL", "Srednia" : 4512.001818181819, "Suma" : 49632.020000000004 }
{ "_id" : "RSD", "Srednia" : 4276.56, "Suma" : 4276.56 }
{ "_id" : "NIO", "Srednia" : 4985.64, "Suma" : 9971.28 }
{ "_id" : "AMD", "Srednia" : 4921.866, "Suma" : 24609.33 }
{ "_id" : "PLN", "Srednia" : 5042.821111111111, "Suma" : 90770.78 }
{ "_id" : "PEN", "Srednia" : 4661.235, "Suma" : 18644.94 }
{ "_id" : "IDR", "Srednia" : 4907.918030303031, "Suma" : 323922.59 }
{ "_id" : "SRD", "Srednia" : 5286.68, "Suma" : 5286.68 }
{ "_id" : "RUB", "Srednia" : 4989.547916666666, "Suma" : 119749.15 }
{ "_id" : "ZMW", "Srednia" : 5569.56, "Suma" : 5569.56 }
{ "_id" : "CNY", "Srednia" : 4954.740842105263, "Suma" : 470700.38 }
{ "_id" : "EUR", "Srednia" : 4901.8294, "Suma" : 245091.47 }
